<?xml version="1.0" encoding="UTF-8"?>
<metadata xml:lang="zh"><Esri><CreaDate>20250515</CreaDate><CreaTime>13064500</CreaTime><ArcGISFormat>1.0</ArcGISFormat><SyncOnce>TRUE</SyncOnce><DataProperties><lineage><Process ToolSource="d:\program files (x86)\arcgis\desktop10.2\ArcToolbox\Toolboxes\Spatial Analyst Tools.tbx\StreamOrder" Date="20250515" Time="130645">StreamOrder slink.tif dir.tif F:\专利申请\一种考虑地表形态特征的子流域与坡面判别方法\DATA\研究区\NHD\德克萨斯丘陵\new_rundata\stream_order.tif STRAHLER</Process></lineage></DataProperties></Esri></metadata>
