<?xml version="1.0" encoding="UTF-8"?>
<metadata xml:lang="zh"><Esri><CreaDate>20250523</CreaDate><CreaTime>15151500</CreaTime><ArcGISFormat>1.0</ArcGISFormat><SyncOnce>TRUE</SyncOnce><DataProperties><lineage><Process ToolSource="d:\program files (x86)\arcgis\desktop10.2\ArcToolbox\Toolboxes\Spatial Analyst Tools.tbx\HillShade" Date="20250523" Time="151515">HillShade F:\专利申请\一种考虑地表形态特征的子流域与坡面判别方法\DATA\研究区\NHD\Tippecanoe\region2\rundata\Filleddem.tif F:\专利申请\一种考虑地表形态特征的子流域与坡面判别方法\DATA\研究区\NHD\Tippecanoe\region2\rundata\hillshade.tif 315 45 NO_SHADOWS 1</Process></lineage></DataProperties></Esri></metadata>
