<?xml version="1.0" encoding="UTF-8"?>
<metadata xml:lang="zh"><Esri><CreaDate>20250520</CreaDate><CreaTime>16420200</CreaTime><ArcGISFormat>1.0</ArcGISFormat><SyncOnce>TRUE</SyncOnce><DataProperties><lineage><Process Name="Watershed (2)" ToolSource="d:\program files (x86)\arcgis\desktop10.2\ArcToolbox\Toolboxes\Spatial Analyst Tools.tbx\Watershed" Date="20250520" Time="164202">Watershed F:\专利申请\一种考虑地表形态特征的子流域与坡面判别方法\DATA\研究区\NHD\Tippecanoe\region2\rundata\dir.tif F:\专利申请\一种考虑地表形态特征的子流域与坡面判别方法\DATA\研究区\NHD\Tippecanoe\region2\rundata\slink.tif F:\专利申请\一种考虑地表形态特征的子流域与坡面判别方法\DATA\研究区\NHD\Tippecanoe\region2\rundata\watershed.tif Value</Process></lineage></DataProperties></Esri></metadata>
